Workbook

Sheet Raw data
A1: s.no | B1: Scam_Type | C1: Platform | D1: victim_age | E1: Gender | F1: Amount_lost | G1: payment_method | H1: country | I1: Reported_to | J1: year
A2: 1 | B2: Phishing | C2: Email | D2: 45 | E2: Male | F2: 500 | G2: UPI | H2: India | I2: Cyber Crime Portal | J2: 2025
A3: 2 | B3: Lottery Scam | C3: WhatsApp | D3: 30 | E3: Female | F3: 200 | G3: Bank Transfer | H3: India | I3: Local Police | J3: 2025
A4: 3 | B4: Investment Scam | C4: Instagram | D4: 52 | E4: Male | F4: 2000 | G4: Credit Card | H4: USA | I4: Cyber Crime Portal | J4: 2025
A5: 4 | B5: Fake Shopping | C5: Website | D5: 28 | E5: Female | F5: 150 | G5: Debit Card | H5: India | I5: Bank | J5: 2025
A6: 5 | B6: Phishing | C6: Email | D6: 34 | E6: Male | F6: 300 | G6: UPI | H6: India | I6: Cyber Crime Portal | J6: 2025
A7: 6 | B7: Investment Scam | C7: Telegram | D7: 41 | E7: Female | F7: 3500 | G7: Crypto | H7: UK | I7: Cyber Crime Portal | J7: 2025
A8: 7 | B8: Lottery Scam | C8: WhatsApp | D8: 29 | E8: Male | F8: 250 | G8: UPI | H8: India | I8: Not Reported | J8: 2025
A9: 8 | B9: Phishing | C9: Email | D9: 50 | E9: Female | F9: 700 | G9: Credit Card | H9: USA | I9: Bank | J9: 2025
A10: 9 | B10: Fake Shopping | C10: Website | D10: 26 | E10: Male | F10: 180 | G10: Debit Card | H10: India | I10: Local Police | J10: 2025
A11: 10 | B11: Investment Scam | C11: Instagram | D11: 48 | E11: Male | F11: 4200 | G11: Bank Transfer | H11: Canada | I11: Cyber Crime Portal | J11: 2025
A12: 11 | B12: Phishing | C12: Email | D12: 37 | E12: Female | F12: 450 | G12: UPI | H12: India | I12: Cyber Crime Portal | J12: 2025
A13: 12 | B13: Lottery Scam | C13: Facebook | D13: 31 | E13: Male | F13: 300 | G13: Debit Card | H13: India | I13: Local Police | J13: 2025
... A51: 50 | B51: Investment Scam | C51: Instagram | D51: 52 | E51: Female | F51: 4600 | G51: Bank Transfer | H51: USA | I51: Cyber Crime Portal | J51: 2026

Sheet Analysis
B1: TOP SUMMARY METRICS | E1: SCAM TYPE TABLE
B3: Metrics | C3: Formula | E3: Scam Type | F3: Number of Victims | G3: Total Lost Rupees Formula
B4: Total Victims | C4: =COUNTA('Raw data'!A2:A51) -> 50 | E4: Phishing | F4: =COUNTIF('Raw data'!B2:B51,"Phishing") -> 14 | G4: =SUMIF('Raw data'!B2:B51,"Phishing",'Raw data'!F2:F51) -> 7140
B5: Amount_lost | C5: =SUM('Raw data'!F2:F51) -> 67400 | E5: Lottery Scam | F5: =COUNTIF('Raw data'!B2:B51,"lottery scam") -> 12 | G5: =SUMIF('Raw data'!B2:B51,"Lottery Scam",'Raw data'!F2:F51) -> 3230
B6: Average_age | C6: =AVERAGE('Raw data'!D2:D51) -> 37.96 | E6: Investment Scam | F6: =COUNTIF('Raw data'!B2:B51,"Investment Scam") -> 13 | G6: =SUMIF('Raw data'!B2:B51,"Investment Scam",'Raw data'!F2:F51) -> 55200
B7: Highest Loss | C7: =MAX('Raw data'!F2:F51) -> 5400 | E7: Fake Shopping | F7: =COUNTIF('Raw data'!B2:B51,"Fake Shopping") -> 11 | G7: =SUMIF('Raw data'!B2:B51,"Fake Shopping",'Raw data'!F2:F51) -> 1830
B8: Lowest Loss | C8: =MIN('Raw data'!F2:F51) -> 120 | E8: Total | F8: =SUM(F4:F7) -> 50
B10: Reported Cases | C10: Count | E10: PLATFORM TABLE
B11: Cybercrime Portal | C11: =COUNTIF('Raw data'!I2:I51,"Cyber Crime Portal") -> 22
B12: Local Police | C12: =COUNTIF('Raw data'!I2:I51,"Local Police") -> 12 | E12: PLATFORM | F12: Number of Victims | G12: Total loss Rupees Formula
B13: Bank | C13: =COUNTIF('Raw data'!I2:I51,"Bank") -> 10 | E13: Whatsapp | F13: =COUNTIF('Raw data'!C2:C51,"Whatsapp") -> 7 | G13: =SUMIF('Raw data'!C2:C51,"Whatsapp",'Raw data'!F2:F51) -> 1750
B14: Not Reported Cases | C14: =COUNTIF('Raw data'!I2:I51,"Not Reported") -> 6 | E14: Instagram | F14: =COUNTIF('Raw data'!C2:C51,"Instagram") -> 7 | G14: =SUMIF('Raw data'!C2:C51,"Instagram",'Raw data'!F2:F51) -> 26900
E15: Email | F15: =COUNTIF('Raw data'!C2:C51,"Email") -> 14 | G15: =SUMIF('Raw data'!C2:C51,"Email",'Raw data'!F2:F51) -> 7140
B16: Unique Countries | C16: {=_xlfn.UNIQUE('Raw data'!H2:H51)} -> India | E16: Website | F16: =COUNTIF('Raw data'!C2:C51,"Website") -> 11 | G16: =SUMIF('Raw data'!C2:C51,"Website",'Raw data'!F2:F51) -> 1830
C17: USA | E17: Facebook | F17: =COUNTIF('Raw data'!C2:C51,"Facebook") -> 5 | G17: =SUMIF('Raw data'!C2:C51,"Facebook",'Raw data'!F2:F51) -> 1480
C18: UK | E18: Telegram | F18: =COUNTIF('Raw data'!C2:C51,"telegram") -> 6 | G18: =SUMIF('Raw data'!C2:C51,"Telegram",'Raw data'!F2:F51) -> 28300
C19: Canada | E19: Total | F19: =SUM(F13:F18) -> 50

Sheet Dashboard
H1: Cyber Crime Analysis Dashboard
H3: Victim Impact Report(2025-2026)
I6: Total Victims | J6: 50
I7: Amount_Lost | J7: 67500
I8: Average_Age | J8: 38
I9: Highest_loss | J9: 5400
I10: Lowest_loss | J10: 120
AB75: kkk
